{"coefficients": [[-0.3551313901168483, -0.3292095908426579, -0.29794422628929734, -0.23224424271446242, -0.13582911033281658, 0.00474650523139957, 0.18441496004443483, 0.3657991648969682, 0.5342185573485548, 0.6150000903540396, 0.6171628865988763, 0.5305528659152924, 0.38430794328218676, 0.22331725988859136, 0.04128362773795301, -0.13460311781095186, -0.3479784341783485, -0.4919682945996036, -0.46311598841240187, -0.12998271837985223, 0.029135402713293294, -0.2817921538324798, -0.11743087656562808, -0.34642105126229755, 1.296065125968706, 0.1584321636957301]], "intercept": [0.18920925245312725], "scaler_mean": [13106.204993693038, 13113.064577965179, 13119.924138473429, 13126.783627530485, 13133.64306785231, 13140.508399211754, 13147.37727332919, 13154.250424744712, 13161.126075042037, 13168.00526584367, 13174.88998623318, 13181.778892326054, 13188.664933636492, 13195.55114502475, 13202.43921780372, 13209.327466340605, 13216.217512016718, 13223.108688208138, 13230.004364386028, 13236.902836467258, 13171.488644306393, 43.04196069327772, 13238.015952385651, 13105.100428679383, 27.575370126654345, 0.3374371859296482], "scaler_scale": [7987.003310620325, 7987.510666246121, 7988.012218943351, 7988.5071624898565, 7988.996008530666, 7989.4895074340175, 7989.982442197858, 7990.477204768874, 7990.9713766112845, 7991.465172037628, 7991.9616842809055, 7992.460843869503, 7992.970850945345, 7993.484313407018, 7994.004382016269, 7994.530972857899, 7995.06984134342, 7995.61453202285, 7996.161163225153, 7996.706750583082, 7991.710474363987, 25.793938793826875, 7996.665530497077, 7987.049952067477, 28.281844886571584, 0.6450082503652949]}